{
  "!comment!":"This file was auto-generated by `mix phx.digest`. Remove it and all generated artefacts with `mix phx.digest.clean --all`",
  "version":1,
  "latest":{"assets/app.css":"assets/app-a5fe870326318b359c192ce86b220d13.css","assets/app.js":"assets/app-d9ecd59f99319c759a4e632f8666fc92.js","favicon.ico":"favicon-91f37b602a111216f1eef3aa337ad763.ico","images/logo.svg":"images/logo-06a11be1f2cdde2c851763d00bdd2e80.svg","robots.txt":"robots-9e2c81b0855bbff2baa8371bc4a78186.txt"},
  "digests":{"assets/app-1c8be30ade35f89fb65347c46a60446b.js":{"digest":"1c8be30ade35f89fb65347c46a60446b","logical_path":"assets/app.js","mtime":63876929064,"sha512":"20e/3AxiOgUs9+e4528+OyYbSP2ZqG1jm8J8YgivbL7Q5hUM7r27Gr/OWmEzjp3wDRkX3Gmd+xhzG8cfhveWog==","size":112274},"assets/app-7420f5904f9dbb87002e07525896b814.js":{"digest":"7420f5904f9dbb87002e07525896b814","logical_path":"assets/app.js","mtime":63876953982,"sha512":"g0n4LJGi71wMSHhlOJ2aC04RmDOpH4IXkoCIHRas0uZglKasQJgEMNPdB70NAyK9AfsGNW4q2jbS+4gvo/maxQ==","size":112635},"assets/app-a5fe870326318b359c192ce86b220d13.css":{"size":25284,"sha512":"3prtBRiKnF5YiAMKNIsWj2o7nXqpZs8CSWShvmR/zaRE0RvD6LOIiBkJdcTES2GZp5Ay37ckXsMpyBZQBMbCnw==","digest":"a5fe870326318b359c192ce86b220d13","logical_path":"assets/app.css","mtime":63876954100},"assets/app-d9ecd59f99319c759a4e632f8666fc92.js":{"size":112708,"sha512":"LiVuYlRe0ZiiZtB68rCCI6i8euBrjNEOZdx9OyHPBKfGBT0a0D+K941Xr+yCWka3cz6JH6l3YJHg+oDJQ6jjzQ==","digest":"d9ecd59f99319c759a4e632f8666fc92","logical_path":"assets/app.js","mtime":63876954100},"favicon-91f37b602a111216f1eef3aa337ad763.ico":{"size":152,"sha512":"y5D/xgoUOylCdoGRuFAMXTnGS6aTXbeuotEw1nNzgCh2om6kyiGypJ6J7CNUig/e9KDxyJHODNT+FBAnwkfhxg==","digest":"91f37b602a111216f1eef3aa337ad763","logical_path":"favicon.ico","mtime":63876954100},"images/logo-06a11be1f2cdde2c851763d00bdd2e80.svg":{"size":3072,"sha512":"br80kSftytk0bvrHDIaa0fege4am30EsAlyvlJUXIbIzyKn7vrAoOywROBGX/oveaqGxHfF/qKyhSZ/WYNNO6w==","digest":"06a11be1f2cdde2c851763d00bdd2e80","logical_path":"images/logo.svg","mtime":63876954100},"robots-9e2c81b0855bbff2baa8371bc4a78186.txt":{"size":203,"sha512":"xbItKTfrkHgEWxk3S1qNTCr+mlz5yzeyGC2rcGhs1oKdf4N+D4T/WWt+qBnOnT4gMuKQ+PkgLFffla3w8rPBaQ==","digest":"9e2c81b0855bbff2baa8371bc4a78186","logical_path":"robots.txt","mtime":63876954100}}
}
